{
  "info": {
    "name": "Pixel-V2 Payment Flows",
    "_postman_id": "11111111-2222-3333-4444-555555555555",
    "description": "Test Pixel-V2 flows with audit/DLQ/metrics/tracing",
    "schema": "https://schema.getpostman.com/json/collection/v2.1.0/collection.json"
  },
  "item": [
    {
      "name": "Send pacs.008 (Valid)",
      "request": {
        "method": "POST",
        "header": [
          {
            "key": "Content-Type",
            "value": "application/xml"
          }
        ],
        "body": {
          "mode": "file",
          "file": {
            "src": "POC/samples/pacs008-sample.xml"
          }
        },
        "url": {
          "raw": "http://localhost:8080/pacs008",
          "protocol": "http",
          "host": [
            "localhost"
          ],
          "port": "8080",
          "path": [
            "pacs008"
          ]
        }
      }
    },
    {
      "name": "Send pacs.008 (Invalid)",
      "request": {
        "method": "POST",
        "header": [
          {
            "key": "Content-Type",
            "value": "application/xml"
          }
        ],
        "body": {
          "mode": "file",
          "file": {
            "src": "POC/samples/pacs008-invalid.xml"
          }
        },
        "url": {
          "raw": "http://localhost:8080/pacs008",
          "protocol": "http",
          "host": [
            "localhost"
          ],
          "port": "8080",
          "path": [
            "pacs008"
          ]
        }
      }
    },
    {
      "name": "Send pain.001",
      "request": {
        "method": "POST",
        "header": [
          {
            "key": "Content-Type",
            "value": "application/xml"
          }
        ],
        "body": {
          "mode": "file",
          "file": {
            "src": "POC/samples/pain001-sample.xml"
          }
        },
        "url": {
          "raw": "http://localhost:8080/pain001",
          "protocol": "http",
          "host": [
            "localhost"
          ],
          "port": "8080",
          "path": [
            "pain001"
          ]
        }
      }
    },
    {
      "name": "Send pain.002",
      "request": {
        "method": "POST",
        "header": [
          {
            "key": "Content-Type",
            "value": "application/xml"
          }
        ],
        "body": {
          "mode": "file",
          "file": {
            "src": "POC/samples/pain002-sample.xml"
          }
        },
        "url": {
          "raw": "http://localhost:8080/pain002",
          "protocol": "http",
          "host": [
            "localhost"
          ],
          "port": "8080",
          "path": [
            "pain002"
          ]
        }
      }
    },
    {
      "name": "Send pacs.002",
      "request": {
        "method": "POST",
        "header": [
          {
            "key": "Content-Type",
            "value": "application/xml"
          }
        ],
        "body": {
          "mode": "file",
          "file": {
            "src": "POC/samples/pacs002-sample.xml"
          }
        },
        "url": {
          "raw": "http://localhost:8080/pacs002",
          "protocol": "http",
          "host": [
            "localhost"
          ],
          "port": "8080",
          "path": [
            "pacs002"
          ]
        }
      }
    },
    {
      "name": "Send Swift MT103",
      "request": {
        "method": "POST",
        "header": [
          {
            "key": "Content-Type",
            "value": "application/xml"
          }
        ],
        "body": {
          "mode": "file",
          "file": {
            "src": "POC/samples/swift-mt103-sample.xml"
          }
        },
        "url": {
          "raw": "http://localhost:8080/mt103",
          "protocol": "http",
          "host": [
            "localhost"
          ],
          "port": "8080",
          "path": [
            "mt103"
          ]
        }
      }
    }
  ]
}