{
  "title": "Pixel-V2 Monitoring",
  "uid": "pixel-v2-dashboard",
  "version": 2,
  "panels": [
    {
      "title": "Payments Success vs Error",
      "type": "timeseries",
      "targets": [
        {
          "expr": "payments_success_total",
          "legendFormat": "Success"
        },
        {
          "expr": "payments_error_total",
          "legendFormat": "Error"
        }
      ],
      "links": [
        {
          "title": "View Trace in Jaeger",
          "url": "http://localhost:16686/trace/${__field.labels.trace_id}"
        }
      ]
    },
    {
      "title": "DLQ Messages (5m)",
      "type": "timeseries",
      "targets": [
        {
          "expr": "increase(payments_dlq_total[5m])",
          "legendFormat": "DLQ 5m"
        }
      ],
      "links": [
        {
          "title": "View Trace in Jaeger",
          "url": "http://localhost:16686/trace/${__field.labels.trace_id}"
        }
      ]
    },
    {
      "title": "Processing Latency by TransactionId",
      "type": "table",
      "targets": [
        {
          "expr": "payments_processing_time_seconds",
          "legendFormat": "{{transaction_id}}"
        }
      ],
      "options": {
        "showHeader": true
      },
      "links": [
        {
          "title": "View Trace in Jaeger",
          "url": "http://localhost:16686/trace/${__field.labels.trace_id}"
        }
      ]
    }
  ]
}