{
  "paymentId": "${body.CstmrCdtTrfInitn.GrpHdr.MsgId}",
  "correlationId": "${body.CstmrCdtTrfInitn.GrpHdr.CreDtTm}",
  "amount": "${body.CstmrCdtTrfInitn.PmtInf.CdtTrfTxInf.Amt.InstdAmt}",
  "currency": "${body.CstmrCdtTrfInitn.PmtInf.CdtTrfTxInf.Amt.Ccy}",
  "debtor": {
    "name": "${body.CstmrCdtTrfInitn.PmtInf.Dbtr.Nm}",
    "accountNumber": "${body.CstmrCdtTrfInitn.PmtInf.DbtrAcct.Id.Othr.Id}",
    "bankId": "${body.CstmrCdtTrfInitn.PmtInf.DbtrAgt.FinInstnId.BICFI}"
  },
  "creditor": {
    "name": "${body.CstmrCdtTrfInitn.PmtInf.CdtTrfTxInf.Cdtr.Nm}",
    "accountNumber": "${body.CstmrCdtTrfInitn.PmtInf.CdtTrfTxInf.CdtrAcct.Id.Othr.Id}",
    "bankId": "${body.CstmrCdtTrfInitn.PmtInf.CdtTrfTxInf.CdtrAgt.FinInstnId.BICFI}"
  }
}
